time,store,total_sek,member,age
2021-01-02T12:34:04+00:00,store1,50,True,51
2021-01-02T14:14:13+00:00,store4,50,True,35
2021-01-02T17:16:39+00:00,store3,113,False,na
2021-01-02T20:32:09+00:00,store1,145,False,na
2021-01-03T07:32:47+00:00,store1,50,True,74
2021-01-03T14:45:15+00:00,store3,367,False,na
2021-01-03T21:38:10+00:00,store2,276,False,na
2021-01-04T15:22:03+00:00,store3,50,False,na
2021-01-04T17:59:44+00:00,store1,50,True,51
2021-01-04T18:03:32+00:00,store2,50,True,57
2021-01-04T20:04:00+00:00,store3,117,True,51
2021-01-04T20:22:32+00:00,store1,666,False,na
2021-01-05T07:10:50+00:00,store4,50,True,80
2021-01-05T08:24:06+00:00,store3,50,True,75
2021-01-05T08:27:57+00:00,store4,50,True,57
2021-01-05T09:24:33+00:00,store2,541,False,na
2021-01-05T13:29:30+00:00,store4,50,False,na
2021-01-05T13:55:05+00:00,store2,448,True,74
2021-01-05T16:40:51+00:00,store3,378,False,na
2021-01-06T15:38:11+00:00,store1,190,False,na
2021-01-06T16:51:53+00:00,store2,93,False,na
2021-01-06T17:45:52+00:00,store2,183,False,na
2021-01-07T14:00:21+00:00,store3,766,True,51
2021-01-07T15:21:55+00:00,store4,371,False,na
2021-01-07T17:33:05+00:00,store4,50,True,57
2021-01-07T17:58:03+00:00,store1,322,True,51
2021-01-07T23:36:17+00:00,store4,50,True,35
2021-01-08T10:00:03+00:00,store2,50,True,74
2021-01-08T13:00:43+00:00,store4,205,False,na
2021-01-08T16:48:01+00:00,store1,72,True,51
2021-01-08T19:54:50+00:00,store1,93,False,na
2021-01-08T23:06:06+00:00,store1,50,False,na
2021-01-08T23:15:02+00:00,store2,327,False,na
2021-01-09T12:56:05+00:00,store2,178,False,na
2021-01-09T13:52:58+00:00,store3,50,True,75
2021-01-09T15:55:33+00:00,store4,50,False,na
2021-01-09T17:08:05+00:00,store4,433,True,35
2021-01-09T18:37:53+00:00,store2,287,True,57
2021-01-10T10:49:44+00:00,store4,65,False,na
2021-01-10T12:17:16+00:00,store3,277,True,74
2021-01-10T14:09:12+00:00,store3,50,True,51
2021-01-10T14:45:11+00:00,store3,244,False,na
2021-01-10T14:47:14+00:00,store3,50,True,75
2021-01-10T14:51:53+00:00,store3,510,True,80
2021-01-10T15:57:18+00:00,store2,386,False,na
2021-01-10T23:55:26+00:00,store4,128,False,na
2021-01-11T09:44:12+00:00,store3,435,False,na
2021-01-11T10:29:05+00:00,store3,1170,True,73
2021-01-11T11:31:42+00:00,store1,382,True,51
2021-01-11T13:37:34+00:00,store3,284,False,na
2021-01-12T09:35:56+00:00,store3,169,True,75
2021-01-12T10:26:38+00:00,store3,498,True,51
2021-01-12T10:34:56+00:00,store2,194,True,74
2021-01-12T10:42:19+00:00,store4,405,False,na
2021-01-12T12:57:22+00:00,store2,280,False,na
2021-01-12T22:57:15+00:00,store3,1132,False,na
2021-01-12T23:20:20+00:00,store3,144,False,na
2021-01-13T08:32:45+00:00,store4,50,False,na
2021-01-13T11:42:59+00:00,store3,470,True,74
2021-01-13T14:45:42+00:00,store4,100,False,na
2021-01-13T15:06:17+00:00,store2,284,False,na
2021-01-13T17:46:33+00:00,store1,361,True,51
2021-01-13T23:05:02+00:00,store3,212,False,na
2021-01-14T08:30:08+00:00,store2,495,False,na
2021-01-14T09:03:55+00:00,store2,373,True,57
2021-01-14T09:26:03+00:00,store3,193,True,75
2021-01-14T13:23:18+00:00,store4,50,True,80
2021-01-14T23:23:07+00:00,store4,50,False,na
2021-01-14T23:42:51+00:00,store4,107,False,na
2021-01-15T09:18:51+00:00,store2,493,False,na
2021-01-15T11:32:57+00:00,store3,474,False,na
2021-01-15T13:06:37+00:00,store1,50,True,51
2021-01-15T17:20:39+00:00,store3,391,True,74
2021-01-15T17:26:06+00:00,store4,76,True,57
2021-01-15T21:29:22+00:00,store4,344,False,na
2021-01-16T10:04:28+00:00,store4,946,False,na
2021-01-16T12:21:05+00:00,store3,50,True,51
2021-01-16T15:11:43+00:00,store1,164,True,51
2021-01-16T17:34:26+00:00,store2,292,False,na
2021-01-16T18:17:39+00:00,store1,141,False,na
2021-01-16T21:59:08+00:00,store2,1479,False,na
2021-01-16T22:00:57+00:00,store3,467,False,na
2021-01-16T23:10:44+00:00,store4,50,False,na
2021-01-17T07:09:16+00:00,store3,69,True,74
2021-01-17T07:52:09+00:00,store3,315,True,75
2021-01-17T12:32:05+00:00,store4,187,False,na
2021-01-17T13:10:26+00:00,store3,109,True,51
2021-01-17T22:51:19+00:00,store3,166,False,na
2021-01-18T10:22:30+00:00,store3,384,True,80
2021-01-18T12:35:34+00:00,store4,173,True,35
2021-01-18T13:07:55+00:00,store4,215,False,na
2021-01-18T17:11:01+00:00,store2,1145,False,na
2021-01-18T18:09:38+00:00,store2,222,False,na
2021-01-18T21:48:55+00:00,store1,180,True,51
2021-01-19T13:28:19+00:00,store3,75,True,75
2021-01-19T14:42:34+00:00,store2,100,False,na
2021-01-19T14:47:40+00:00,store4,295,False,na
2021-01-19T14:49:50+00:00,store3,344,False,na
2021-01-19T15:09:07+00:00,store4,459,False,na
2021-01-20T07:04:36+00:00,store3,564,True,75
2021-01-20T07:30:46+00:00,store1,50,True,74
2021-01-20T09:51:48+00:00,store4,342,True,57
2021-01-20T10:02:20+00:00,store1,254,True,51
2021-01-20T10:27:10+00:00,store1,311,False,na
2021-01-20T10:51:12+00:00,store3,616,True,80
2021-01-20T11:54:23+00:00,store4,209,False,na
2021-01-20T12:35:07+00:00,store2,168,False,na
2021-01-21T12:04:15+00:00,store4,507,True,75
2021-01-21T18:12:42+00:00,store2,205,True,57
2021-01-21T21:28:56+00:00,store3,1286,False,na
2021-01-21T21:52:01+00:00,store3,50,False,na
2021-01-21T23:19:48+00:00,store3,50,False,na
2021-01-22T07:16:19+00:00,store2,50,True,74
2021-01-22T10:38:07+00:00,store4,515,True,75
2021-01-22T15:07:52+00:00,store3,251,False,na
2021-01-22T16:28:51+00:00,store3,675,True,73
2021-01-22T16:42:52+00:00,store4,50,True,35
2021-01-23T16:30:04+00:00,store1,215,True,51
2021-01-23T16:51:45+00:00,store2,356,False,na
2021-01-24T09:41:23+00:00,store4,95,True,75
2021-01-24T10:38:17+00:00,store4,131,False,na
2021-01-24T14:57:50+00:00,store2,693,False,na
2021-01-24T15:17:11+00:00,store3,427,False,na
2021-01-24T15:45:00+00:00,store4,50,True,57
2021-01-24T16:52:16+00:00,store3,62,False,na
2021-01-24T17:10:42+00:00,store2,575,False,na
2021-01-24T17:35:01+00:00,store2,207,False,na
2021-01-25T08:53:52+00:00,store3,50,True,74
2021-01-25T09:23:19+00:00,store4,411,True,80
2021-01-25T10:47:36+00:00,store3,279,False,na
2021-01-25T14:47:15+00:00,store3,50,True,51
2021-01-25T15:27:52+00:00,store2,701,True,16
2021-01-25T17:08:04+00:00,store2,50,False,na
2021-01-26T14:19:34+00:00,store2,50,True,74
2021-01-26T16:44:49+00:00,store1,50,True,51
2021-01-26T17:45:02+00:00,store2,104,False,na
2021-01-26T19:09:46+00:00,store4,50,False,na
2021-01-26T23:58:57+00:00,store4,121,False,na
2021-01-27T07:10:25+00:00,store4,850,False,na
2021-01-27T08:57:07+00:00,store4,50,False,na
2021-01-27T10:42:41+00:00,store1,797,True,80
2021-01-27T13:34:36+00:00,store3,204,False,na
2021-01-27T16:05:10+00:00,store2,50,False,na
2021-01-28T07:21:24+00:00,store4,286,True,75
2021-01-28T07:50:18+00:00,store4,427,True,80
2021-01-28T10:11:30+00:00,store2,362,True,57
2021-01-28T11:10:48+00:00,store1,50,True,74
2021-01-28T13:06:50+00:00,store4,421,False,na
2021-01-28T13:19:18+00:00,store3,229,False,na
2021-01-28T16:21:43+00:00,store3,226,True,75
2021-01-28T16:42:05+00:00,store3,226,True,51
2021-01-28T17:52:23+00:00,store3,165,False,na
2021-01-29T08:26:58+00:00,store4,142,True,75
2021-01-29T10:05:18+00:00,store4,50,False,na
2021-01-29T14:25:45+00:00,store1,50,True,51
2021-01-29T14:41:30+00:00,store3,50,True,75
2021-01-29T17:43:36+00:00,store2,246,False,na
2021-01-29T20:21:09+00:00,store4,339,False,na
2021-01-30T11:12:44+00:00,store1,50,True,74
2021-01-30T11:46:33+00:00,store2,738,False,na
2021-01-30T11:46:38+00:00,store1,101,False,na
2021-01-30T13:43:45+00:00,store3,305,True,75
2021-01-30T19:45:34+00:00,store2,50,True,57
2021-01-31T10:04:35+00:00,store4,2754,False,na
2021-01-31T12:26:57+00:00,store4,178,True,80
2021-01-31T13:20:58+00:00,store3,3234,False,na
2021-01-31T14:48:55+00:00,store4,421,False,na
2021-01-31T20:13:32+00:00,store3,380,False,na
2021-01-31T20:57:12+00:00,store4,205,True,35
2021-02-01T10:19:24+00:00,store3,260,True,75
2021-02-01T13:05:19+00:00,store4,175,True,75
2021-02-01T14:25:26+00:00,store1,323,True,51
2021-02-01T14:36:44+00:00,store2,585,False,na
2021-02-01T14:44:28+00:00,store2,50,False,na
2021-02-01T15:34:04+00:00,store2,50,False,na
2021-02-01T15:59:02+00:00,store4,1310,False,na
2021-02-01T16:41:14+00:00,store2,63,False,na
2021-02-01T20:01:50+00:00,store2,3069,False,na
2021-02-01T20:09:55+00:00,store4,50,False,na
2021-02-01T20:57:12+00:00,store3,139,True,51
2021-02-01T22:02:36+00:00,store4,50,False,na
2021-02-02T09:09:51+00:00,store4,133,True,75
2021-02-02T12:33:24+00:00,store1,1026,True,80
2021-02-02T13:00:02+00:00,store2,391,True,57
2021-02-02T13:45:20+00:00,store3,345,True,74
2021-02-02T16:44:17+00:00,store2,50,False,na
2021-02-03T14:48:19+00:00,store3,50,True,51
2021-02-03T16:55:10+00:00,store2,136,True,57
2021-02-03T16:58:11+00:00,store1,50,True,51
2021-02-03T17:18:09+00:00,store3,50,True,75
2021-02-03T20:33:59+00:00,store3,1035,True,73
2021-02-03T21:13:29+00:00,store4,202,False,na
2021-02-03T22:04:10+00:00,store4,71,False,na
2021-02-04T10:13:52+00:00,store2,50,False,na
2021-02-04T10:39:34+00:00,store4,288,True,35
2021-02-04T11:02:01+00:00,store4,82,True,57
2021-02-04T13:01:05+00:00,store3,833,False,na
2021-02-04T23:57:39+00:00,store3,225,True,51
2021-02-05T07:03:05+00:00,store3,248,True,75
2021-02-05T12:58:25+00:00,store3,50,False,na
2021-02-05T14:51:23+00:00,store4,50,True,80
2021-02-05T15:30:10+00:00,store4,120,False,na
2021-02-05T17:51:16+00:00,store1,185,False,na
2021-02-06T12:32:37+00:00,store3,233,True,80
2021-02-06T14:03:37+00:00,store4,113,True,35
2021-02-06T14:46:57+00:00,store2,488,False,na
2021-02-06T18:36:43+00:00,store4,265,False,na
2021-02-06T21:29:11+00:00,store4,270,False,na
2021-02-06T22:29:57+00:00,store2,363,True,57
2021-02-07T10:15:20+00:00,store2,108,True,74
2021-02-07T11:14:43+00:00,store1,249,False,na
2021-02-07T12:14:32+00:00,store4,342,False,na
2021-02-07T13:52:27+00:00,store1,411,True,51
2021-02-07T14:15:27+00:00,store4,180,False,na
2021-02-07T14:28:14+00:00,store2,162,True,57
2021-02-07T14:44:55+00:00,store4,359,False,na
2021-02-07T19:40:29+00:00,store4,50,False,na
2021-02-07T23:40:58+00:00,store2,783,False,na
2021-02-08T11:07:53+00:00,store3,157,True,75
2021-02-08T11:32:11+00:00,store3,50,True,80
2021-02-08T13:16:25+00:00,store4,205,True,75
2021-02-08T14:02:27+00:00,store1,231,False,na
2021-02-08T18:20:15+00:00,store3,367,True,51
2021-02-08T21:10:46+00:00,store4,290,True,35
2021-02-08T22:30:37+00:00,store3,477,False,na
2021-02-09T07:45:20+00:00,store3,181,True,75
2021-02-09T07:47:05+00:00,store4,50,True,75
2021-02-09T11:12:16+00:00,store2,357,False,na
2021-02-09T11:28:34+00:00,store4,72,False,na
2021-02-09T12:50:47+00:00,store2,280,True,57
2021-02-09T15:48:56+00:00,store2,50,False,na
2021-02-09T16:01:43+00:00,store2,129,False,na
2021-02-09T18:00:55+00:00,store3,999,False,na
2021-02-09T18:17:13+00:00,store3,50,False,na
2021-02-09T18:34:32+00:00,store4,227,False,na
2021-02-09T21:00:11+00:00,store1,120,False,na
2021-02-10T07:57:17+00:00,store1,1247,True,80
2021-02-10T10:06:33+00:00,store3,287,True,51
2021-02-10T10:09:56+00:00,store4,147,False,na
2021-02-10T11:29:03+00:00,store1,427,False,na
2021-02-10T13:35:34+00:00,store3,81,True,75
2021-02-10T15:30:19+00:00,store2,50,True,74
2021-02-11T15:03:10+00:00,store3,190,True,75
2021-02-11T15:31:05+00:00,store4,376,True,75
2021-02-11T16:09:40+00:00,store2,858,True,16
2021-02-11T16:17:40+00:00,store1,282,False,na
2021-02-11T16:58:52+00:00,store2,199,False,na
2021-02-11T17:19:45+00:00,store2,291,False,na
2021-02-11T20:49:56+00:00,store3,50,False,na
2021-02-11T21:19:18+00:00,store1,566,False,na
2021-02-12T10:16:13+00:00,store1,401,True,74
2021-02-12T12:47:52+00:00,store4,219,True,75
2021-02-12T14:04:54+00:00,store4,50,True,57
2021-02-12T16:46:43+00:00,store3,460,False,na
2021-02-12T18:44:53+00:00,store4,387,True,35
2021-02-12T19:05:04+00:00,store4,422,False,na
2021-02-13T09:17:30+00:00,store4,165,True,75
2021-02-13T09:48:49+00:00,store4,124,True,57
2021-02-13T12:41:20+00:00,store1,528,False,na
2021-02-13T13:01:54+00:00,store3,379,False,na
2021-02-13T16:22:32+00:00,store2,50,False,na
2021-02-13T17:50:08+00:00,store1,670,True,74
2021-02-13T19:14:08+00:00,store3,50,True,75
2021-02-13T20:15:01+00:00,store4,379,False,na
2021-02-13T20:25:05+00:00,store3,281,False,na
2021-02-14T08:27:32+00:00,store1,809,True,73
2021-02-14T09:44:43+00:00,store2,770,False,na
2021-02-14T12:45:27+00:00,store3,50,False,na
2021-02-14T13:10:42+00:00,store4,50,True,80
2021-02-14T16:50:15+00:00,store3,50,True,74
2021-02-14T17:40:27+00:00,store3,93,True,51
2021-02-14T17:40:27+00:00,store4,52,False,na
2021-02-14T18:18:52+00:00,store1,86,True,51
2021-02-14T21:36:26+00:00,store4,124,False,na
2021-02-15T10:59:56+00:00,store3,50,True,75
2021-02-15T19:09:05+00:00,store3,285,False,na
2021-02-15T20:44:15+00:00,store2,50,False,na
2021-02-15T21:44:46+00:00,store3,315,False,na
2021-02-15T22:36:29+00:00,store1,50,True,51
2021-02-15T23:17:17+00:00,store1,231,False,na
2021-02-16T12:24:23+00:00,store3,50,True,75
2021-02-16T13:33:39+00:00,store4,297,False,na
2021-02-16T14:04:02+00:00,store1,220,False,na
2021-02-16T15:55:08+00:00,store2,569,False,na
2021-02-16T18:08:12+00:00,store2,50,False,na
2021-02-17T07:55:48+00:00,store1,218,True,74
2021-02-17T18:27:54+00:00,store2,50,True,57
2021-02-18T07:56:03+00:00,store2,272,False,na
2021-02-18T10:02:13+00:00,store3,433,True,80
2021-02-18T10:10:58+00:00,store3,50,True,75
2021-02-18T10:51:00+00:00,store4,295,True,75
2021-02-18T13:14:54+00:00,store3,50,False,na
2021-02-18T14:09:53+00:00,store1,177,False,na
2021-02-18T15:08:59+00:00,store1,112,True,51
2021-02-18T22:06:00+00:00,store2,50,True,57
2021-02-18T23:52:53+00:00,store2,50,False,na
2021-02-19T07:28:25+00:00,store4,72,True,80
2021-02-19T09:13:45+00:00,store3,178,True,75
2021-02-19T11:58:34+00:00,store1,182,True,74
2021-02-19T12:18:51+00:00,store3,50,False,na
2021-02-19T13:45:14+00:00,store3,977,False,na
2021-02-19T14:48:25+00:00,store4,393,False,na
2021-02-19T16:42:04+00:00,store3,409,True,51
2021-02-19T22:08:37+00:00,store4,727,True,16
2021-02-20T14:44:25+00:00,store4,291,False,na
2021-02-20T15:06:05+00:00,store2,225,False,na
2021-02-20T15:12:34+00:00,store3,50,True,75
2021-02-20T17:43:33+00:00,store3,50,True,74
2021-02-21T08:56:06+00:00,store3,583,False,na
2021-02-21T11:11:38+00:00,store1,448,True,74
2021-02-21T11:26:22+00:00,store3,1177,False,na
2021-02-21T12:05:14+00:00,store4,50,True,75
2021-02-21T13:45:15+00:00,store3,50,True,75
2021-02-21T15:16:27+00:00,store2,275,False,na
2021-02-21T15:30:58+00:00,store2,126,False,na
2021-02-21T16:07:09+00:00,store4,402,True,80
2021-02-22T07:26:17+00:00,store2,545,False,na
2021-02-22T12:23:04+00:00,store4,224,False,na
2021-02-22T12:55:54+00:00,store3,50,False,na
2021-02-22T15:32:17+00:00,store4,498,False,na
2021-02-22T17:08:34+00:00,store4,187,True,35
2021-02-22T18:57:41+00:00,store3,427,True,51
2021-02-23T09:15:05+00:00,store3,319,True,75
2021-02-23T13:05:56+00:00,store1,216,True,51
2021-02-23T14:29:20+00:00,store1,50,True,74
2021-02-23T15:26:16+00:00,store4,96,True,57
2021-02-24T07:45:02+00:00,store4,391,True,75
2021-02-24T07:45:19+00:00,store2,78,False,na
2021-02-24T11:52:53+00:00,store4,1181,True,73
2021-02-24T12:24:28+00:00,store2,596,False,na
2021-02-24T16:19:59+00:00,store3,169,True,80
2021-02-24T18:56:27+00:00,store4,277,False,na
2021-02-25T10:16:20+00:00,store2,225,True,57
2021-02-25T11:59:25+00:00,store3,528,True,51
2021-02-25T12:27:39+00:00,store2,514,False,na
2021-02-25T20:45:11+00:00,store4,355,True,75
2021-02-26T07:38:17+00:00,store2,89,True,57
2021-02-26T07:59:25+00:00,store4,552,False,na
2021-02-26T10:32:32+00:00,store3,148,True,74
2021-02-26T22:28:18+00:00,store2,736,True,16
2021-02-27T12:24:03+00:00,store1,174,True,51
2021-02-27T13:56:13+00:00,store4,620,False,na
2021-02-27T15:58:17+00:00,store2,158,False,na
2021-02-27T20:27:40+00:00,store4,185,False,na
2021-02-27T23:57:39+00:00,store4,521,False,na
2021-02-28T07:57:33+00:00,store4,795,False,na
2021-02-28T09:25:08+00:00,store4,213,True,75
2021-02-28T09:40:00+00:00,store2,506,False,na
2021-02-28T09:53:31+00:00,store3,50,True,51
2021-02-28T10:13:19+00:00,store4,473,False,na
2021-02-28T12:17:15+00:00,store4,224,True,35
2021-02-28T13:53:48+00:00,store2,50,True,74
2021-02-28T14:33:41+00:00,store3,300,True,80
2021-02-28T18:11:14+00:00,store3,50,True,75
2021-02-28T21:28:41+00:00,store4,50,False,na
2021-03-01T09:47:55+00:00,store4,351,True,75
2021-03-01T18:30:25+00:00,store3,164,True,51
2021-03-01T18:31:00+00:00,store4,195,True,57
2021-03-01T22:31:40+00:00,store3,994,False,na
2021-03-02T07:27:29+00:00,store4,548,False,na
2021-03-02T10:40:19+00:00,store3,319,True,75
2021-03-02T10:42:30+00:00,store1,453,True,51
2021-03-02T11:06:46+00:00,store4,99,False,na
2021-03-02T11:07:08+00:00,store2,284,False,na
2021-03-02T14:00:46+00:00,store3,155,False,na
2021-03-02T14:17:54+00:00,store2,113,False,na
2021-03-03T07:48:32+00:00,store3,3046,False,na
2021-03-03T09:24:49+00:00,store1,50,True,74
2021-03-03T11:04:48+00:00,store3,501,True,75
2021-03-03T13:19:02+00:00,store3,91,True,80
2021-03-03T13:56:17+00:00,store4,164,True,75
2021-03-03T17:52:30+00:00,store4,50,True,35
2021-03-03T21:51:35+00:00,store1,50,False,na
2021-03-04T09:44:13+00:00,store3,412,True,74
2021-03-04T13:09:24+00:00,store2,416,False,na
2021-03-04T15:14:24+00:00,store4,517,True,56
2021-03-04T18:13:25+00:00,store4,55,True,57
2021-03-05T07:52:10+00:00,store2,392,False,na
2021-03-05T12:14:56+00:00,store1,128,True,51
2021-03-05T17:36:01+00:00,store4,83,True,75
2021-03-05T17:57:07+00:00,store3,362,True,51
2021-03-05T18:44:57+00:00,store4,443,True,35
2021-03-05T19:46:13+00:00,store4,50,False,na
2021-03-05T20:16:09+00:00,store3,1344,False,na
2021-03-05T23:00:51+00:00,store4,212,False,na
2021-03-06T11:45:43+00:00,store1,759,True,73
2021-03-06T11:54:29+00:00,store1,82,True,74
2021-03-06T12:07:58+00:00,store4,171,True,75
2021-03-06T14:05:28+00:00,store2,50,True,57
2021-03-06T14:38:20+00:00,store2,482,True,16
2021-03-06T16:21:24+00:00,store4,50,True,56
2021-03-06T18:20:13+00:00,store3,133,False,na
2021-03-06T21:27:51+00:00,store1,429,True,51
2021-03-07T07:19:07+00:00,store4,422,True,80
2021-03-07T12:03:22+00:00,store3,134,True,56
2021-03-07T13:43:16+00:00,store3,609,False,na
2021-03-07T19:37:41+00:00,store3,74,False,na
2021-03-08T07:37:58+00:00,store3,198,True,75
2021-03-08T11:44:16+00:00,store1,217,True,74
2021-03-08T12:24:04+00:00,store2,50,False,na
2021-03-08T12:27:33+00:00,store2,206,True,57
2021-03-08T12:29:54+00:00,store1,514,False,na
2021-03-08T13:28:34+00:00,store3,748,False,na
2021-03-08T16:15:10+00:00,store4,405,True,35
2021-03-09T07:04:34+00:00,store2,459,False,na
2021-03-09T09:45:31+00:00,store4,166,True,35
2021-03-09T10:39:30+00:00,store3,98,True,75
2021-03-09T12:34:26+00:00,store1,313,True,74
2021-03-09T13:20:04+00:00,store2,271,False,na
2021-03-09T14:53:19+00:00,store3,139,True,80
2021-03-09T15:01:33+00:00,store4,50,False,na
2021-03-09T15:58:49+00:00,store2,50,False,na
2021-03-09T17:12:51+00:00,store2,415,True,57
2021-03-09T17:41:22+00:00,store4,210,False,na
2021-03-09T21:53:08+00:00,store3,442,True,51
2021-03-10T08:43:50+00:00,store4,50,True,75
2021-03-10T13:09:37+00:00,store1,438,True,51
2021-03-10T20:54:44+00:00,store3,50,False,na
2021-03-10T23:34:35+00:00,store4,50,False,na
2021-03-11T11:47:47+00:00,store3,169,True,75
2021-03-11T12:44:55+00:00,store2,50,True,57
2021-03-11T13:30:18+00:00,store1,256,True,51
2021-03-11T17:05:33+00:00,store4,536,True,35
2021-03-11T17:23:07+00:00,store3,265,True,51
2021-03-11T21:13:06+00:00,store2,108,False,na
2021-03-12T07:53:31+00:00,store4,245,True,80
2021-03-12T11:25:31+00:00,store4,50,True,75
2021-03-12T12:12:18+00:00,store2,60,False,na
2021-03-12T14:12:43+00:00,store2,629,False,na
2021-03-12T14:40:03+00:00,store1,325,True,74
2021-03-12T15:46:38+00:00,store3,154,True,56
2021-03-12T17:47:30+00:00,store2,304,True,57
2021-03-12T18:45:58+00:00,store4,298,False,na
2021-03-13T07:44:56+00:00,store1,206,True,74
2021-03-13T08:28:40+00:00,store3,771,False,na
2021-03-13T13:28:50+00:00,store3,50,True,51
2021-03-13T19:55:11+00:00,store1,352,False,na
2021-03-14T10:06:52+00:00,store2,474,True,74
2021-03-14T10:49:08+00:00,store3,476,True,80
2021-03-14T11:00:55+00:00,store3,238,True,75
2021-03-14T12:45:04+00:00,store4,538,True,75
2021-03-15T07:13:28+00:00,store1,445,True,80
2021-03-15T10:38:10+00:00,store3,50,True,75
2021-03-15T12:34:49+00:00,store4,669,False,na
2021-03-15T12:39:12+00:00,store1,467,True,74
2021-03-15T18:40:55+00:00,store4,116,True,57
2021-03-15T19:36:04+00:00,store1,167,False,na
2021-03-15T19:51:24+00:00,store2,763,True,16
2021-03-16T09:18:27+00:00,store4,520,False,na
2021-03-16T11:04:55+00:00,store2,602,False,na
2021-03-16T11:35:11+00:00,store4,50,True,56
2021-03-16T15:26:07+00:00,store1,479,True,51
2021-03-16T17:15:30+00:00,store2,451,False,na
2021-03-16T17:58:52+00:00,store4,146,False,na
2021-03-16T21:16:26+00:00,store4,50,False,na
2021-03-16T21:17:04+00:00,store3,142,True,51
2021-03-17T10:09:11+00:00,store3,505,True,80
2021-03-17T10:35:49+00:00,store3,473,False,na
2021-03-17T12:07:57+00:00,store4,640,True,62
2021-03-17T14:06:32+00:00,store3,171,True,75
2021-03-17T15:03:03+00:00,store1,492,True,51
2021-03-17T18:58:43+00:00,store2,145,False,na
2021-03-17T20:15:10+00:00,store1,50,False,na
2021-03-17T21:42:27+00:00,store3,55,False,na
2021-03-18T07:29:01+00:00,store1,601,False,na
2021-03-18T07:33:53+00:00,store4,560,False,na
2021-03-18T09:21:53+00:00,store3,499,True,75
2021-03-18T10:47:26+00:00,store2,58,True,57
2021-03-18T11:27:30+00:00,store4,50,True,75
2021-03-18T14:58:09+00:00,store2,239,False,na
2021-03-18T17:15:01+00:00,store3,498,True,80
2021-03-18T17:59:43+00:00,store4,284,True,56
2021-03-18T19:42:24+00:00,store2,1884,False,na
2021-03-18T23:09:59+00:00,store4,366,True,35
2021-03-19T09:31:21+00:00,store2,401,True,74
2021-03-19T12:53:26+00:00,store3,362,True,75
2021-03-19T13:59:43+00:00,store2,116,False,na
2021-03-19T18:46:38+00:00,store3,101,True,51
2021-03-19T19:17:48+00:00,store1,131,True,51
2021-03-20T07:02:49+00:00,store4,516,True,75
2021-03-20T10:05:25+00:00,store2,79,True,57
2021-03-20T15:49:20+00:00,store3,50,True,75
2021-03-20T17:13:40+00:00,store2,50,False,na
2021-03-20T17:37:08+00:00,store4,50,False,na
2021-03-20T17:55:25+00:00,store3,461,False,na
2021-03-21T07:15:33+00:00,store2,50,False,na
2021-03-21T07:25:47+00:00,store4,232,True,80
2021-03-21T09:16:56+00:00,store4,740,False,na
2021-03-21T11:06:24+00:00,store4,50,True,75
2021-03-21T11:13:58+00:00,store3,667,False,na
2021-03-21T11:17:02+00:00,store3,294,True,75
2021-03-21T11:39:22+00:00,store1,282,False,na
2021-03-21T13:00:53+00:00,store4,235,True,57
2021-03-21T20:17:35+00:00,store4,384,False,na
2021-03-21T20:28:49+00:00,store4,50,True,56
2021-03-22T07:07:10+00:00,store3,324,True,74
2021-03-22T07:07:17+00:00,store3,97,True,75
2021-03-22T12:52:18+00:00,store4,152,False,na
2021-03-22T14:56:16+00:00,store3,472,True,51
2021-03-22T20:10:38+00:00,store2,590,True,16
2021-03-22T21:51:11+00:00,store4,213,False,na
2021-03-23T07:08:38+00:00,store3,309,True,75
2021-03-23T07:28:32+00:00,store4,199,True,57
2021-03-23T10:36:13+00:00,store4,50,True,75
2021-03-23T11:13:25+00:00,store4,1038,True,62
2021-03-23T11:26:25+00:00,store3,50,True,80
2021-03-23T12:37:15+00:00,store2,238,True,74
2021-03-23T15:41:43+00:00,store1,50,True,51
2021-03-23T19:19:05+00:00,store4,296,True,56
2021-03-24T07:43:25+00:00,store3,243,True,74
2021-03-24T09:49:10+00:00,store3,630,True,80
2021-03-24T15:29:56+00:00,store4,526,True,56
2021-03-24T16:12:44+00:00,store1,836,True,80
2021-03-25T10:12:07+00:00,store3,50,True,75
2021-03-25T10:30:10+00:00,store4,500,False,na
2021-03-25T12:51:44+00:00,store3,247,True,51
2021-03-25T13:42:48+00:00,store4,159,True,75
2021-03-25T15:05:28+00:00,store4,66,True,80
2021-03-25T17:52:19+00:00,store3,296,False,na
2021-03-25T18:03:23+00:00,store2,140,True,57
2021-03-25T18:25:27+00:00,store1,270,True,51
2021-03-26T10:02:07+00:00,store3,227,True,75
2021-03-26T10:31:21+00:00,store4,137,False,na
2021-03-26T17:21:35+00:00,store3,50,True,56
2021-03-27T07:28:11+00:00,store4,143,True,75
2021-03-27T09:31:10+00:00,store3,55,True,80
2021-03-27T14:40:13+00:00,store1,220,True,51
2021-03-27T15:24:45+00:00,store4,511,True,35
2021-03-27T18:40:18+00:00,store2,108,False,na
2021-03-28T10:06:36+00:00,store2,575,False,na
2021-03-28T12:11:01+00:00,store4,121,True,56
2021-03-28T16:20:02+00:00,store2,159,True,74
2021-03-28T16:46:39+00:00,store3,54,True,51
2021-03-28T20:01:10+00:00,store4,342,False,na
2021-03-28T20:43:49+00:00,store3,99,False,na
2021-03-29T07:07:00+00:00,store4,81,True,75
2021-03-29T15:18:05+00:00,store3,347,True,51
2021-03-29T15:59:07+00:00,store4,523,True,35
2021-03-29T20:20:43+00:00,store2,122,False,na
2021-03-29T21:20:36+00:00,store3,782,False,na
2021-03-29T22:55:05+00:00,store3,462,False,na
2021-03-30T07:07:38+00:00,store4,215,True,80
2021-03-30T07:13:43+00:00,store4,162,True,57
2021-03-30T09:00:25+00:00,store2,62,False,na
2021-03-30T16:42:56+00:00,store4,356,True,56
2021-03-30T18:11:34+00:00,store2,569,True,16
2021-03-31T09:31:33+00:00,store4,698,True,75
2021-03-31T10:00:24+00:00,store3,277,True,51
2021-03-31T10:53:54+00:00,store4,986,False,na
2021-03-31T13:46:45+00:00,store4,575,False,na
2021-03-31T15:06:46+00:00,store1,50,True,74
2021-03-31T15:50:54+00:00,store2,61,False,na
2021-03-31T17:24:58+00:00,store4,647,True,35
2021-03-31T21:36:38+00:00,store3,980,False,na
2021-03-31T23:00:54+00:00,store4,826,True,62
2021-03-31T23:52:09+00:00,store3,609,False,na
2021-04-01T07:46:42+00:00,store1,504,True,80
2021-04-01T13:59:34+00:00,store2,284,False,na
2021-04-01T15:48:10+00:00,store2,3146,False,na
2021-04-01T18:04:39+00:00,store4,50,True,75
2021-04-01T18:26:13+00:00,store3,444,True,75
2021-04-01T22:36:35+00:00,store3,50,False,na
2021-04-02T07:17:26+00:00,store1,364,False,na
2021-04-02T14:51:12+00:00,store4,371,True,57
2021-04-02T15:03:19+00:00,store1,216,True,51
2021-04-02T17:23:49+00:00,store3,302,False,na
2021-04-02T17:59:35+00:00,store4,50,True,56
2021-04-02T18:30:11+00:00,store3,50,True,51
2021-04-03T07:31:19+00:00,store4,233,False,na
2021-04-03T09:06:08+00:00,store1,89,True,51
2021-04-03T09:12:37+00:00,store4,50,True,56
2021-04-03T10:37:47+00:00,store3,351,True,80
2021-04-03T13:21:00+00:00,store4,60,True,35
2021-04-03T17:40:18+00:00,store4,350,False,na
2021-04-03T20:28:13+00:00,store3,50,False,na
2021-04-04T07:01:29+00:00,store4,595,False,na
2021-04-04T07:17:27+00:00,store3,361,True,75
2021-04-04T10:07:29+00:00,store4,50,True,75
2021-04-04T10:12:53+00:00,store4,358,True,80
2021-04-04T11:47:05+00:00,store3,77,False,na
2021-04-04T12:09:00+00:00,store3,380,True,51
2021-04-05T07:08:56+00:00,store4,309,False,na
2021-04-05T10:09:59+00:00,store3,1042,True,73
2021-04-05T11:32:00+00:00,store3,423,True,51
2021-04-05T12:10:53+00:00,store3,406,True,75
2021-04-05T12:12:16+00:00,store4,342,True,56
2021-04-05T15:54:39+00:00,store4,50,True,75
2021-04-05T16:08:59+00:00,store3,1660,False,na
2021-04-05T18:31:28+00:00,store1,50,True,74
2021-04-05T20:29:21+00:00,store4,354,True,57
2021-04-06T07:02:15+00:00,store4,828,False,na
2021-04-06T07:56:26+00:00,store2,645,False,na
2021-04-06T13:39:51+00:00,store3,158,True,75
2021-04-06T13:44:52+00:00,store3,403,True,80
2021-04-06T15:54:18+00:00,store2,82,False,na
2021-04-06T20:22:45+00:00,store3,79,False,na
2021-04-06T20:58:35+00:00,store2,583,True,16
2021-04-06T22:29:24+00:00,store3,655,False,na
2021-04-07T09:39:46+00:00,store3,407,False,na
2021-04-07T16:03:05+00:00,store4,324,False,na
2021-04-07T16:40:03+00:00,store4,50,True,57
2021-04-07T17:00:23+00:00,store4,120,False,na
2021-04-07T17:56:22+00:00,store3,89,True,75
2021-04-07T20:52:25+00:00,store4,738,True,35
2021-04-08T10:08:14+00:00,store3,283,True,74
2021-04-08T10:58:54+00:00,store2,321,False,na
2021-04-08T12:17:48+00:00,store4,133,True,75
2021-04-08T14:24:07+00:00,store2,78,False,na
2021-04-08T16:04:13+00:00,store4,81,True,80
2021-04-08T17:30:56+00:00,store3,427,False,na
2021-04-08T17:52:07+00:00,store2,965,True,62
2021-04-09T10:44:20+00:00,store3,198,True,75
2021-04-09T11:20:28+00:00,store3,439,True,51
2021-04-09T15:38:12+00:00,store4,268,True,56
2021-04-09T16:00:32+00:00,store3,279,False,na
2021-04-09T20:37:13+00:00,store4,50,True,75
2021-04-10T10:48:18+00:00,store4,164,True,75
2021-04-10T13:02:13+00:00,store3,586,True,51
2021-04-10T14:58:44+00:00,store3,50,True,80
2021-04-10T15:45:23+00:00,store1,625,True,51
2021-04-10T20:49:27+00:00,store4,100,False,na
2021-04-10T21:17:59+00:00,store1,245,False,na
2021-04-10T21:45:06+00:00,store4,171,True,57
2021-04-10T23:55:58+00:00,store1,403,False,na
2021-04-11T08:43:40+00:00,store4,50,True,75
2021-04-11T11:40:35+00:00,store3,50,True,74
2021-04-11T13:37:00+00:00,store3,308,False,na
2021-04-11T15:18:29+00:00,store3,133,True,75
2021-04-11T16:55:06+00:00,store2,465,False,na
2021-04-11T17:53:31+00:00,store4,139,True,35
2021-04-11T21:38:58+00:00,store3,621,False,na
2021-04-11T21:56:48+00:00,store4,572,False,na
2021-04-12T08:09:39+00:00,store3,310,True,74
2021-04-12T14:04:31+00:00,store4,50,True,56
2021-04-12T14:17:55+00:00,store2,292,True,57
2021-04-13T09:49:32+00:00,store4,410,False,na
2021-04-13T12:46:22+00:00,store3,50,True,51
2021-04-13T14:36:09+00:00,store4,50,False,na
2021-04-13T15:43:21+00:00,store4,165,True,57
2021-04-13T16:34:20+00:00,store4,149,True,75
2021-04-13T19:34:11+00:00,store1,576,True,51
2021-04-13T20:08:27+00:00,store1,71,True,74
2021-04-13T21:46:01+00:00,store2,200,False,na
2021-04-14T09:00:29+00:00,store3,330,True,75
2021-04-14T11:52:32+00:00,store2,438,False,na
2021-04-14T13:20:39+00:00,store1,427,True,74
2021-04-14T13:22:55+00:00,store3,106,False,na
2021-04-14T16:16:33+00:00,store1,137,True,51
2021-04-14T18:28:22+00:00,store2,798,True,16
2021-04-14T18:35:18+00:00,store4,328,True,35
2021-04-14T19:36:50+00:00,store4,297,False,na
2021-04-14T22:27:24+00:00,store3,50,True,56
2021-04-15T07:42:54+00:00,store1,1097,True,80
2021-04-15T09:59:42+00:00,store3,492,True,75
2021-04-15T12:10:38+00:00,store3,305,False,na
2021-04-15T13:43:23+00:00,store4,209,True,57
2021-04-15T14:00:53+00:00,store3,688,True,62
2021-04-15T14:11:54+00:00,store3,366,False,na
2021-04-15T14:52:36+00:00,store2,50,False,na
2021-04-15T17:31:36+00:00,store4,437,False,na
2021-04-16T10:05:27+00:00,store4,508,True,80
2021-04-16T11:03:34+00:00,store1,395,False,na
2021-04-16T12:52:08+00:00,store1,50,True,74
2021-04-16T16:13:46+00:00,store1,50,False,na
2021-04-16T17:55:26+00:00,store4,167,True,75
2021-04-16T20:04:45+00:00,store4,239,True,35
2021-04-16T23:12:44+00:00,store2,150,False,na
2021-04-17T07:46:02+00:00,store2,648,False,na
2021-04-17T12:23:22+00:00,store4,324,True,75
2021-04-17T12:29:10+00:00,store3,273,True,75
2021-04-17T18:34:18+00:00,store4,307,False,na
2021-04-17T21:23:13+00:00,store4,448,False,na
2021-04-18T07:18:31+00:00,store1,50,True,51
2021-04-18T09:47:59+00:00,store3,270,False,na
2021-04-18T11:07:22+00:00,store4,85,True,80
2021-04-18T11:37:19+00:00,store3,989,False,na
2021-04-18T12:48:59+00:00,store2,242,True,57
2021-04-18T12:51:28+00:00,store4,223,True,75
2021-04-18T14:05:25+00:00,store4,532,False,na
2021-04-18T14:57:57+00:00,store4,67,True,56
2021-04-18T15:37:38+00:00,store3,84,True,75
2021-04-18T16:48:27+00:00,store2,1525,False,na
2021-04-18T21:32:09+00:00,store2,421,False,na
2021-04-19T07:03:52+00:00,store4,303,False,na
2021-04-19T09:29:17+00:00,store3,108,True,74
2021-04-19T11:53:23+00:00,store3,319,True,75
2021-04-19T18:38:58+00:00,store4,549,True,35
2021-04-19T19:14:37+00:00,store2,278,False,na
2021-04-19T23:23:09+00:00,store1,270,False,na
2021-04-20T07:01:58+00:00,store4,145,True,75
2021-04-20T10:47:59+00:00,store3,192,True,75
2021-04-20T11:06:15+00:00,store2,233,False,na
2021-04-20T12:05:45+00:00,store1,71,True,51
2021-04-20T18:03:32+00:00,store1,50,True,74
2021-04-20T20:36:24+00:00,store4,63,True,56
2021-04-21T07:38:33+00:00,store3,64,True,75
2021-04-21T12:46:39+00:00,store4,628,True,80
2021-04-21T13:54:27+00:00,store3,1628,False,na
2021-04-21T18:11:48+00:00,store4,429,False,na
2021-04-21T19:14:12+00:00,store2,113,False,na
2021-04-21T19:55:44+00:00,store1,50,True,51
2021-04-21T20:27:19+00:00,store2,50,False,na
2021-04-22T07:11:53+00:00,store2,424,False,na
2021-04-22T10:08:43+00:00,store3,50,False,na
2021-04-22T10:20:02+00:00,store4,1390,False,na
2021-04-22T10:46:46+00:00,store2,462,False,na
2021-04-22T12:54:43+00:00,store4,663,True,62
2021-04-22T14:18:33+00:00,store1,670,True,80
2021-04-22T14:20:43+00:00,store2,50,True,57
2021-04-22T15:15:27+00:00,store2,546,True,16
2021-04-22T16:48:55+00:00,store3,174,True,75
2021-04-22T19:53:02+00:00,store3,209,False,na
2021-04-23T15:37:32+00:00,store1,52,True,51
2021-04-23T16:35:11+00:00,store3,50,True,51
2021-04-23T17:14:55+00:00,store4,50,True,56
2021-04-23T17:17:55+00:00,store3,306,True,80
2021-04-23T19:36:38+00:00,store1,50,False,na
2021-04-24T07:10:11+00:00,store4,50,True,75
2021-04-24T12:06:00+00:00,store4,284,False,na
2021-04-24T12:08:43+00:00,store4,230,True,56
2021-04-24T12:55:16+00:00,store2,50,False,na
2021-04-24T13:53:57+00:00,store3,300,True,80
2021-04-24T15:27:17+00:00,store1,227,False,na
2021-04-24T15:59:22+00:00,store4,50,True,57
2021-04-24T19:58:16+00:00,store4,186,True,35
2021-04-25T12:33:20+00:00,store3,134,True,75
2021-04-25T15:17:34+00:00,store4,333,True,56
2021-04-25T16:00:08+00:00,store4,275,True,57
2021-04-25T17:14:00+00:00,store2,302,False,na
2021-04-25T18:43:30+00:00,store1,75,True,51
2021-04-25T19:02:50+00:00,store3,50,True,51
2021-04-26T07:28:09+00:00,store3,50,True,56
2021-04-26T07:58:27+00:00,store4,50,True,75
2021-04-26T10:53:08+00:00,store1,50,False,na
2021-04-26T11:52:35+00:00,store4,209,False,na
2021-04-26T13:08:57+00:00,store2,50,True,57
2021-04-26T13:11:44+00:00,store1,50,True,74
2021-04-26T14:23:33+00:00,store4,881,True,73
2021-04-26T16:36:57+00:00,store3,50,True,75
2021-04-26T16:59:28+00:00,store2,315,False,na
2021-04-26T22:42:26+00:00,store2,50,False,na
2021-04-27T08:49:50+00:00,store3,460,False,na
2021-04-27T10:01:12+00:00,store3,215,True,75
2021-04-27T13:48:42+00:00,store1,369,False,na
2021-04-27T16:21:19+00:00,store3,164,True,51
2021-04-27T22:41:24+00:00,store4,179,True,56
2021-04-28T08:21:45+00:00,store4,50,True,75
2021-04-28T12:05:50+00:00,store2,283,True,74
2021-04-28T12:09:24+00:00,store1,512,True,80
2021-04-28T13:26:14+00:00,store3,129,True,80
2021-04-28T21:34:01+00:00,store1,174,True,51
2021-04-28T23:21:16+00:00,store3,361,True,51
2021-04-29T08:08:39+00:00,store2,50,False,na
2021-04-29T08:41:37+00:00,store3,178,False,na
2021-04-29T11:35:21+00:00,store3,50,True,75
2021-04-29T14:50:22+00:00,store2,189,True,57
2021-04-29T15:15:14+00:00,store4,213,False,na
2021-04-29T16:19:09+00:00,store1,247,True,51
2021-04-29T17:13:34+00:00,store4,165,True,35
2021-04-29T20:02:44+00:00,store3,277,False,na
2021-04-29T22:46:46+00:00,store3,190,False,na
2021-04-29T23:43:23+00:00,store4,537,False,na
2021-04-30T07:41:28+00:00,store2,619,True,74
2021-04-30T12:52:36+00:00,store4,721,True,62
2021-04-30T20:07:25+00:00,store4,845,True,16
2021-05-01T07:35:39+00:00,store3,581,False,na
2021-05-01T15:19:16+00:00,store4,272,True,75
2021-05-01T21:25:19+00:00,store3,127,True,51
2021-05-01T22:34:00+00:00,store2,274,False,na
2021-05-02T11:25:10+00:00,store1,531,True,74
2021-05-02T11:34:34+00:00,store3,66,True,75
2021-05-02T13:02:56+00:00,store4,249,False,na
2021-05-02T15:49:31+00:00,store1,50,True,51
2021-05-02T16:16:24+00:00,store4,218,True,75
2021-05-02T17:02:19+00:00,store2,328,True,57
2021-05-02T19:41:15+00:00,store3,388,False,na
2021-05-02T23:51:50+00:00,store3,233,False,na
2021-05-03T12:38:11+00:00,store1,382,True,74
2021-05-03T13:18:01+00:00,store2,436,False,na
2021-05-03T13:47:02+00:00,store4,496,True,35
2021-05-03T14:56:32+00:00,store3,255,False,na
2021-05-03T20:21:38+00:00,store3,50,True,51
2021-05-03T20:56:15+00:00,store4,124,True,57
2021-05-03T22:09:39+00:00,store4,50,False,na
2021-05-04T09:30:37+00:00,store4,203,True,75
2021-05-04T12:23:22+00:00,store1,50,True,51
2021-05-04T14:27:52+00:00,store4,80,True,80
2021-05-04T14:42:41+00:00,store3,189,True,75
2021-05-04T17:38:50+00:00,store4,307,False,na
2021-05-04T22:35:30+00:00,store2,1537,False,na
2021-05-05T07:44:24+00:00,store2,179,True,57
2021-05-05T10:47:19+00:00,store4,124,True,56
2021-05-05T11:57:54+00:00,store4,299,True,75
2021-05-05T12:30:28+00:00,store1,371,True,80
2021-05-05T13:11:55+00:00,store3,50,True,74
2021-05-05T15:13:00+00:00,store4,50,False,na
2021-05-05T16:35:02+00:00,store3,50,False,na
2021-05-06T07:09:55+00:00,store4,50,True,80
2021-05-06T11:04:36+00:00,store1,299,True,74
2021-05-06T12:15:34+00:00,store2,219,False,na
2021-05-06T15:28:34+00:00,store4,514,False,na
2021-05-06T15:51:32+00:00,store3,75,False,na
2021-05-06T16:05:36+00:00,store2,597,True,62
2021-05-06T16:52:05+00:00,store2,213,False,na
2021-05-06T17:03:13+00:00,store3,50,True,51
2021-05-06T17:23:10+00:00,store1,170,True,51
2021-05-06T18:16:07+00:00,store1,50,False,na
2021-05-07T07:18:27+00:00,store4,277,True,75
2021-05-07T10:10:36+00:00,store4,629,False,na
2021-05-07T13:13:38+00:00,store4,187,False,na
2021-05-07T14:21:44+00:00,store4,309,True,56
2021-05-07T15:15:51+00:00,store1,96,True,51
2021-05-07T16:05:09+00:00,store3,50,True,75
2021-05-07T18:04:10+00:00,store1,262,False,na
2021-05-07T19:28:52+00:00,store4,333,True,35
2021-05-08T10:27:43+00:00,store4,50,True,57
2021-05-08T12:40:34+00:00,store3,122,True,75
2021-05-08T13:36:08+00:00,store3,50,False,na
2021-05-08T15:50:27+00:00,store1,92,True,51
2021-05-08T17:10:29+00:00,store2,315,False,na
2021-05-08T21:01:46+00:00,store2,448,True,16
2021-05-08T23:02:21+00:00,store3,314,True,51
2021-05-09T08:51:47+00:00,store1,128,False,na
2021-05-09T15:34:15+00:00,store1,50,False,na
2021-05-09T17:58:44+00:00,store2,139,True,57
2021-05-09T18:20:03+00:00,store3,268,False,na
2021-05-09T20:34:06+00:00,store4,50,True,56
2021-05-09T20:57:05+00:00,store4,564,False,na
2021-05-10T07:52:21+00:00,store3,326,False,na
2021-05-10T09:20:46+00:00,store1,315,True,74
2021-05-10T13:21:56+00:00,store2,313,False,na
2021-05-10T16:55:58+00:00,store1,50,False,na
2021-05-10T18:20:09+00:00,store3,843,False,na
2021-05-10T21:20:50+00:00,store2,54,False,na
2021-05-10T23:02:28+00:00,store3,122,False,na
2021-05-11T09:24:26+00:00,store4,248,True,35
2021-05-11T18:27:40+00:00,store4,308,True,75
2021-05-11T19:06:12+00:00,store1,50,False,na
2021-05-12T07:45:15+00:00,store4,50,True,80
2021-05-12T07:57:44+00:00,store2,403,False,na
2021-05-12T08:07:08+00:00,store3,323,True,51
2021-05-12T13:11:54+00:00,store2,50,False,na
2021-05-12T14:11:21+00:00,store1,222,False,na
2021-05-12T17:03:09+00:00,store3,81,True,74
2021-05-12T22:09:08+00:00,store3,99,False,na
2021-05-13T07:19:01+00:00,store3,50,True,75
2021-05-13T09:29:19+00:00,store1,289,True,51
2021-05-13T11:18:15+00:00,store4,201,False,na
2021-05-13T13:01:52+00:00,store4,188,True,56
2021-05-13T14:56:57+00:00,store4,710,False,na
2021-05-13T16:13:54+00:00,store2,1432,False,na
2021-05-13T17:21:27+00:00,store4,280,False,na
2021-05-13T23:37:00+00:00,store2,87,False,na
2021-05-14T13:38:30+00:00,store4,772,False,na
2021-05-14T17:22:25+00:00,store4,264,True,35
2021-05-14T21:24:10+00:00,store3,273,True,75
2021-05-15T07:15:18+00:00,store4,565,False,na
2021-05-15T07:46:17+00:00,store3,118,True,80
2021-05-15T09:24:15+00:00,store1,50,True,51
2021-05-15T09:48:50+00:00,store1,280,True,74
2021-05-15T12:57:16+00:00,store4,1022,True,73
2021-05-15T13:19:54+00:00,store4,490,False,na
2021-05-15T13:34:32+00:00,store4,50,True,75
2021-05-15T14:18:02+00:00,store3,437,True,75
2021-05-15T14:26:29+00:00,store2,539,True,57
2021-05-15T18:53:47+00:00,store3,208,True,51
2021-05-15T20:56:41+00:00,store4,392,True,56
2021-05-15T23:01:43+00:00,store4,283,False,na
2021-05-16T09:25:19+00:00,store3,572,False,na
2021-05-16T09:25:42+00:00,store4,70,True,35
2021-05-16T12:20:18+00:00,store1,198,True,51
2021-05-16T12:54:17+00:00,store3,453,True,74
2021-05-16T14:59:23+00:00,store4,425,False,na
2021-05-16T18:03:49+00:00,store2,391,False,na
2021-05-16T18:24:24+00:00,store2,431,False,na
2021-05-16T20:46:51+00:00,store2,604,True,16
2021-05-16T23:36:12+00:00,store4,198,False,na
2021-05-17T07:10:48+00:00,store2,498,False,na
2021-05-17T07:53:17+00:00,store3,592,True,80
2021-05-17T09:14:30+00:00,store4,289,True,56
2021-05-17T11:59:38+00:00,store3,50,True,75
2021-05-17T12:26:17+00:00,store4,441,False,na
2021-05-17T17:39:34+00:00,store4,78,True,75
2021-05-17T19:42:20+00:00,store4,50,False,na
2021-05-17T20:50:43+00:00,store1,55,False,na
2021-05-17T21:26:57+00:00,store2,409,False,na
2021-05-18T08:36:44+00:00,store4,281,False,na
2021-05-18T10:13:14+00:00,store4,50,True,75
2021-05-18T13:12:00+00:00,store1,347,True,74
2021-05-18T16:26:57+00:00,store1,192,True,51
2021-05-18T18:27:44+00:00,store2,50,True,57
2021-05-18T23:44:39+00:00,store4,399,False,na
2021-05-19T11:01:46+00:00,store3,447,False,na
2021-05-19T12:04:30+00:00,store4,130,True,75
2021-05-19T12:17:07+00:00,store4,203,True,80
2021-05-19T14:50:51+00:00,store4,314,True,56
2021-05-19T15:17:27+00:00,store2,275,True,74
2021-05-19T18:50:25+00:00,store2,303,False,na
2021-05-20T12:09:00+00:00,store3,246,True,75
2021-05-20T13:58:44+00:00,store1,251,True,51
2021-05-20T14:39:57+00:00,store4,199,True,56
2021-05-20T17:05:45+00:00,store3,547,True,51
2021-05-20T18:05:48+00:00,store3,697,False,na
2021-05-20T18:29:16+00:00,store4,152,False,na
2021-05-20T22:14:12+00:00,store4,372,True,35
2021-05-21T10:23:13+00:00,store4,477,False,na
2021-05-21T11:02:09+00:00,store4,50,True,56
2021-05-21T12:15:32+00:00,store3,205,False,na
2021-05-21T13:18:09+00:00,store1,759,True,80
2021-05-21T16:36:43+00:00,store3,1032,False,na
2021-05-21T19:07:36+00:00,store4,328,True,57
2021-05-21T19:57:08+00:00,store4,698,True,62
2021-05-22T07:02:51+00:00,store1,156,True,74
2021-05-22T07:14:27+00:00,store3,50,True,75
2021-05-22T12:30:26+00:00,store1,124,False,na
2021-05-22T14:54:25+00:00,store3,86,True,80
2021-05-22T20:14:46+00:00,store1,198,True,51
2021-05-22T22:07:40+00:00,store2,84,False,na
2021-05-23T09:37:31+00:00,store2,112,False,na
2021-05-23T11:04:25+00:00,store3,542,True,75
2021-05-23T17:49:47+00:00,store2,414,True,57
2021-05-24T10:15:40+00:00,store3,356,True,75
2021-05-24T10:32:21+00:00,store4,50,False,na
2021-05-24T11:18:12+00:00,store4,107,True,75
2021-05-24T12:53:40+00:00,store3,50,True,80
2021-05-24T16:14:40+00:00,store4,675,True,73
2021-05-24T17:41:26+00:00,store3,312,True,51
2021-05-24T18:17:27+00:00,store3,229,True,56
2021-05-24T23:01:29+00:00,store4,831,True,16
2021-05-25T07:44:55+00:00,store2,76,False,na
2021-05-25T08:23:16+00:00,store2,422,True,74
2021-05-25T18:36:55+00:00,store4,514,False,na
2021-05-25T20:09:57+00:00,store1,54,True,51
2021-05-26T07:11:23+00:00,store2,468,False,na
2021-05-26T07:30:19+00:00,store3,363,True,75
2021-05-26T11:57:54+00:00,store2,50,False,na
2021-05-26T15:34:21+00:00,store2,297,False,na
2021-05-26T15:35:37+00:00,store4,50,True,57
2021-05-26T18:16:58+00:00,store4,210,False,na
2021-05-27T07:05:04+00:00,store4,50,True,75
2021-05-27T09:40:10+00:00,store3,312,True,74
2021-05-27T09:58:49+00:00,store1,185,False,na
2021-05-27T15:35:12+00:00,store3,213,True,56
2021-05-27T16:27:47+00:00,store1,50,True,51
2021-05-27T18:02:11+00:00,store4,289,False,na
2021-05-27T20:41:46+00:00,store4,591,True,35
2021-05-28T07:34:00+00:00,store1,631,True,80
2021-05-28T08:42:36+00:00,store4,468,True,80
2021-05-28T09:20:50+00:00,store3,266,True,51
2021-05-28T17:17:53+00:00,store3,56,True,75
2021-05-28T19:07:41+00:00,store4,50,False,na
2021-05-28T22:32:24+00:00,store4,759,False,na
2021-05-29T07:12:17+00:00,store4,90,True,75
2021-05-29T07:46:43+00:00,store4,320,False,na
2021-05-29T12:54:29+00:00,store3,813,True,62
2021-05-29T13:04:54+00:00,store1,113,True,51
2021-05-29T13:20:55+00:00,store2,50,True,57
2021-05-30T07:03:14+00:00,store3,2924,False,na
2021-05-30T13:11:52+00:00,store4,412,False,na
2021-05-30T14:33:26+00:00,store3,131,True,80
2021-05-30T15:57:10+00:00,store1,99,True,74
2021-05-30T23:08:28+00:00,store1,334,True,51
2021-05-31T07:49:05+00:00,store2,83,False,na
2021-05-31T14:34:39+00:00,store3,786,True,75
2021-05-31T15:47:50+00:00,store4,368,False,na
2021-05-31T17:42:16+00:00,store3,228,True,51
2021-05-31T20:34:06+00:00,store2,101,False,na
2021-05-31T21:45:45+00:00,store2,52,True,57
2021-05-31T23:20:27+00:00,store2,628,True,16
